<manifest><control namespace="PowerCATControls" constructor="PageLoader" version="2.0.3" display-name-key="PageLoader" description-key="PageLoader description" control-type="standard" api-version="1.3.3"><external-service-usage enabled="false" /><property name="pageType" display-name-key="Page Type" description-key="Property_Desc_Key" of-type="SingleLine.Text" usage="bound" required="true" /><property name="customPageName" display-name-key="Custom Page Name" description-key="Property_Desc_Key" of-type="SingleLine.Text" usage="bound" required="false" /><property name="entityName" display-name-key="Entity Name" description-key="Property_Desc_Key" of-type="SingleLine.Text" usage="bound" required="false" /><property name="recordId" display-name-key="Record ID" description-key="Property_Desc_Key" of-type="SingleLine.Text" usage="bound" required="false" /><property name="target" display-name-key="Target" description-key="Property_Desc_Key" of-type="Whole.None" usage="bound" required="false" /><property name="targetWidth" display-name-key="Target Width" description-key="Property_Desc_Key" of-type="Whole.None" usage="bound" required="false" /><property name="targetHeight" display-name-key="Target Height" description-key="Property_Desc_Key" of-type="Whole.None" usage="bound" required="false" /><property name="position" display-name-key="Position" description-key="Property_Desc_Key" of-type="Whole.None" usage="bound" required="false" /><property name="title" display-name-key="Title" description-key="Property_Desc_Key" of-type="SingleLine.Text" usage="bound" required="false" /><resources><code path="bundle.js" order="1" /></resources><built-by name="pac" version="1.9.8" /></control></manifest>