<manifest><control namespace="PowerCAT.Controls" constructor="CommandBar" version="5.0.1" display-name-key="CommandBar" description-key="CommandBar description" control-type="standard" api-version="1.3.3"><external-service-usage enabled="false" /><data-set name="CommandBarData" display-name-key="CommandBar Data" /><property name="Value" display-name-key="Value" description-key="The value" of-type="SingleLine.Text" usage="output" required="false" /><resources><code path="bundle.js" order="1" /></resources><built-by name="pac" version="1.9.9" /></control></manifest>