<appaction uniquename="cat_NewReview!6635ca6d29234babb3d71dca5b0e5dda!cat_CodeReviewConverged!cat_reviewrequest!1">
  <appmoduleid>
    <uniquename>cat_CodeReviewConverged</uniquename>
  </appmoduleid>
  <buttonlabeltext default="New Review">
    <label description="New Review" languagecode="1033" />
  </buttonlabeltext>
  <buttonsequencepriority>10.0000000000</buttonsequencepriority>
  <context>1</context>
  <contextentity>
    <logicalname>cat_reviewrequest</logicalname>
  </contextentity>
  <contextvalue>cat_reviewrequest</contextvalue>
  <fonticon>$clientsvg:Add</fonticon>
  <hidden>0</hidden>
  <iscustomizable>1</iscustomizable>
  <location>1</location>
  <name>NewReview!6635ca6d29234babb3d71dca5b0e5dda</name>
  <onclickeventjavascriptfunctionname>OpenDialog</onclickeventjavascriptfunctionname>
  <onclickeventjavascriptparameters>[{"type":12}]</onclickeventjavascriptparameters>
  <onclickeventjavascriptwebresourceid>
    <webresourceid>fa7e21cc-852c-ec11-b6e5-002248209036</webresourceid>
  </onclickeventjavascriptwebresourceid>
  <onclickeventtype>2</onclickeventtype>
  <statecode>0</statecode>
  <statuscode>1</statuscode>
  <type>0</type>
</appaction>